[
  {
    "type": "MOD_INFO",
    "id": "ToughTyres",
    "name": "Tough Tyres",
    "authors": [ "compxrt" ],
    "description": "Steel, armoured and off-road wheels are much more durable.",
    "category": "rebalance",
    "dependencies": [ "dda" ]
  },
  {
    "type": "material",
    "id": "wheel_rubber",
    "name": "Rubber",
    "//1": "this is synthetic rubber, which is much different than natural, but called rubber for ease of use",
    "density": 1.6,
    "soft": false,
    "specific_heat_liquid": 0.4,
    "specific_heat_solid": 0.13,
    "latent_heat": 165,
    "chip_resist": 700,
    "repaired_with": "plastic_chunk",
    "salvaged_into": "chunk_rubber",
    "dmg_adj": [ "worn", "stressed", "shredded", "ruined" ],
    "bash_dmg_verb": "stressed",
    "cut_dmg_verb": "slashed",
    "//2": "based on synthetic fabric and wood, trying to get long burning with much smoke but little fuel",
    "burn_data": [
      { "fuel": 1, "smoke": 3, "burn": 0.1, "volume_per_turn": "100 ml" },
      { "fuel": 1, "smoke": 3, "burn": 0.2 },
      { "fuel": 1, "smoke": 4, "burn": 0.3 }
    ],
    "resist": { "bash": 5, "cut": 1, "acid": 5, "heat": 2, "bullet": 1 },
    "repair_difficulty": 3
  },
  {
    "type": "material",
    "id": "mc_wheel_steel",
    "name": "Medium Carbon Steel",
    "//": "SAE 1050/UNS 10500, assumes .50% carbon content and zero slag.",
    "density": 8.0,
    "specific_heat_liquid": 0.82,
    "specific_heat_solid": 0.45,
    "latent_heat": 273,
    "conductive": true,
    "chip_resist": 700,
    "repaired_with": "mc_steel_chunk",
    "dmg_adj": [ "marked", "dented", "smashed", "shattered" ],
    "bash_dmg_verb": "dented",
    "cut_dmg_verb": "scratched",
    "burn_products": [ [ "scrap", 0.5 ] ],
    "resist": { "bash": 7, "cut": 7, "acid": 7, "heat": 3, "bullet": 4.5 },
    "repair_difficulty": 4
  },  
  {
    "type": "material",
    "id": "qt_wheel_steel",
    "name": "Tempered Carbon Steel",
    "//": "Quench/tempering based on .6 carbon steel with a 1.5 multiplier.",
    "density": 8.0,
    "specific_heat_liquid": 0.82,
    "specific_heat_solid": 0.45,
    "latent_heat": 273,
    "conductive": true,
    "chip_resist": 700,
    "repaired_with": "mc_steel_chunk",
    "dmg_adj": [ "marked", "dented", "smashed", "shattered" ],
    "bash_dmg_verb": "dented",
    "cut_dmg_verb": "scratched",
    "burn_products": [ [ "scrap", 0.5 ] ],
    "resist": { "bash": 11, "cut": 11, "acid": 7, "heat": 3, "bullet": 7.5 },
    "repair_difficulty": 7
  },
  {
    "type": "material",
    "id": "wheel_ceramic",
    "name": "Ceramic",
    "//": "Density value assumes Titanium Diboride",
    "density": 4.5,
    "specific_heat_liquid": 1,
    "specific_heat_solid": 1,
    "latent_heat": 333,
    "chip_resist": 700,
    "dmg_adj": [ "chipped", "cracked", "split", "broken" ],
    "bash_dmg_verb": "cracked",
    "cut_dmg_verb": "cut",
    "resist": { "bash": 1, "cut": 2, "acid": 10, "heat": 10, "bullet": 2 }
  },  
  {
    "type": "ITEM",
    "subtypes": [ "WHEEL" ],
    "id": "wheel_armor",
    "category": "veh_parts",
    "name": { "str": "armored wheel" },
    "description": "A wide military-grade wheel.",
    "weight": "24500 g",
    "volume": "17500 ml",
    "longest_side": "813 mm",
    "price": "340 USD",
    "price_postapoc": "7 USD 50 cent",
    "to_hit": { "grip": "bad", "length": "short", "surface": "any", "balance": "clumsy" },
    "material": [ "qt_wheel_steel", "wheel_ceramic" ],
    "symbol": "]",
    "color": "green",
    "diameter": 32,
    "width": 20,
    "melee_damage": { "bash": 17 }
  },  
  {
    "id": "hd_steel_drum",
    "type": "ITEM",
    "subtypes": [ "WHEEL" ],
    "category": "veh_parts",
    "name": { "str": "roller drum" },
    "description": "A large cylinder fashioned out of thick plates of hardened steel, normally found on road rollers.  Numerous massive spokes, attached to a central axis, reinforce its structure even further, making it an unstoppable force once it starts rolling.",
    "weight": "750000 g",
    "volume": "200 L",
    "longest_side": "1524 mm",
    "price": "700 USD",
    "price_postapoc": "15 USD",
    "material": [ "qt_wheel_steel" ],
    "symbol": "m",
    "color": "light_gray",
    "diameter": 60,
    "width": 30,
    "melee_damage": { "bash": 60 }
  },  
  {
    "id": "wheel_wide",
    "type": "ITEM",
    "subtypes": [ "WHEEL" ],
    "category": "veh_parts",
    "name": { "str": "wide wheel" },
    "description": "A wide wheel.  \\o/ This wide.  Provides more traction and better off-road performance.",
    "weight": "22600 g",
    "volume": "70 L",
    "longest_side": "610 mm",
    "price": "340 USD",
    "price_postapoc": "7 USD 50 cent",
    "to_hit": { "grip": "bad", "length": "short", "surface": "any", "balance": "clumsy" },
    "material": [ "mc_wheel_steel", "wheel_rubber" ],
    "symbol": "]",
    "color": "dark_gray",
    "diameter": 24,
    "width": 14,
    "melee_damage": { "bash": 17 }
  },
  {
    "id": "wheel_wide_or",
    "copy-from": "wheel_wide",
    "type": "ITEM",
    "subtypes": [ "WHEEL" ],
    "name": { "str": "off-road wide wheel" },
    "description": "A wide wheel.  \\o/ This wide.  It's studded to provide better grip off-road at the cost of some performance on pavement."
  },  
  {
    "id": "wheel_rail",
    "category": "veh_parts",
    "type": "ITEM",
    "subtypes": [ "WHEEL" ],
    "name": { "str": "rail wheel" },
    "description": "A strong rail wheel.  A flange helps keep it on a rail, but makes it perform terribly when not on a rail.",
    "weight": "18239 g",
    "volume": "8750 ml",
    "longest_side": "508 mm",
    "price": "12 USD",
    "price_postapoc": "2 USD 50 cent",
    "to_hit": { "grip": "none", "length": "short", "surface": "any", "balance": "clumsy" },
    "material": [ "mc_wheel_steel" ],
    "symbol": "]",
    "color": "light_gray",
    "diameter": 20,
    "width": 4,
    "melee_damage": { "bash": 8 }
  },  
  {
    "id": "wheel_motorbike_or",
    "copy-from": "wheel_motorbike",
    "type": "ITEM",
    "subtypes": [ "WHEEL" ],
    "name": { "str": "off-road motorbike wheel" },
    "diameter": 20,
    "longest_side": "508 mm",
    "description": "A motorbike wheel, studded for improved off-road performance.",
    "material": [ "mc_wheel_steel", "wheel_rubber" ]
  },
  {
    "id": "wheel_bicycle_or",
    "copy-from": "wheel_bicycle",
    "type": "ITEM",
    "subtypes": [ "WHEEL" ],
    "name": { "str": "off-road bicycle wheel" },
    "description": "A wide, studded bicycle wheel intended for off-road biking.",
    "material": [ "mc_wheel_steel", "wheel_rubber" ]
  }
]